id,text,label,source,notes
1,Insane that Mbappe has that many at age 27. Hes gonna obliterate the record,reaction,r/soccer,"Hard case (Edge Case 2): reasoned reaction - amazement time-anchored to Messi tying the record live, not standalone analysis."
2,"Mbappe almost single-handedly carried France in the '22 WC Final. You know, not many players could score a hat-trick in the WC Final.",hot_take,r/soccer,
3,"World Cup goal records in general are almost entirely a measure of How good your team is in general How much of a focal point you are within your team's offense The sample size just isn't large enough to provide any meaningful data outside of ""oh, that's neat."" Messi's La Liga records are far more impressive than this IMO.",analysis,r/soccer,
4,"How good the team is, is a good point. Klose was in four world cups and all four times Germany were through to the semifinals. Also agree with your other points as well. Its a lot of luck, being healthy during the tournament, and that you happen to be in a system that props up your goalscoring. Klose was class but nobody would actually rate him as a better goalscorer than Ronaldo Fenmeno and Messi.",hot_take,r/soccer,Hard case (Edge Case 1): stat-decorated hot_take - Klose semifinal stat decorates a predetermined ranking conclusion.
5,"Ronaldinho was 26 when he played his last wc. You never know how a players career will turn out.He can regress,and with him playing for france thats stacked,there could be someone who starts in front of him.He can also be injured for the next one,and hed be 35 before his next chance.",analysis,r/soccer,
6,Looks like mbappe will be the record holder in the future probably. he's only 27. Could potentially attend 3 more world cups.,hot_take,r/soccer,
7,Messi is going to take this comment personally and start scoring hattricks every game for the rest of the tournament,hot_take,r/soccer,
8,He could hold it when this world cup is done.,reaction,r/soccer,
9,"He now officially doesn't really have anything left to accomplish in football, tbh. He's platinum trophy'd the entire sport.",hot_take,r/soccer,
10,False. He still has a legitimate shot at banging every woman from Argentin,reaction,r/soccer,
11,traight dudes also. Probably half of argentinas male fans would accept having sex with Messi just because he is messi,hot_take,r/soccer,
12,Just trying to inspire the devs to make some new achievements.,reaction,r/soccer,
13,He said hmmm ima start this game by scoring Immediately,reaction,r/soccer,
14,You watch film too huh? That's cool - watch this,reaction,r/soccer,
15,Barring injury in sports is insane. The risk of Mbappe ruining his body in the next 10 years is massiv,hot_take,r/soccer,
16,He's got his WC trophy and now he can have fun. You can see it on his f,hot_take,r/soccer,
17,And he didnt score in 2010. Just took that tournament off. Has a goose egg for a whole tournament and still ties the record.,hot_take,r/soccer,
18,"The problem with this statement is that scoring from that spot is not the easiest thing in the world by any means. Messi is the best ever at scoring goals from this spot - centrally, just outside the box - but for your average player, and even many top players, having that much space in that spot is no guarantee of a goal. Not to mention that the pass was behind Messi and he had to adjust and move quickly before getting closed down by defenders. Messi is just that automatic. Theres a reason hes the goat.",hot_take,r/soccer,
19,"True - but still, all the defenders ran through to the top of the box, leaving him jogging behind. He made space for himself simply by running a little slower. But that's what champions do in sports like this, isn't it? Wear you down, and make you pay for every little tactical mistake.",analysis,r/soccer,
20,Well today I learned: Keeper for Football/Soccer Tender for Hockey,reaction,r/soccer,
21,yea like in all seriousness he's gone to the MLS in a very big way to spread the game to America and so far i would say it's been a success cause Football really has the biggest ceiling for expansion in America and yea if it continues to develop one day it will be bigger than the traditional big 4 sports played in Ameri,analysis,r/soccer,
22,"Messi, LeBron, Ohtani, Phelps, Bolt, Serena, Simone. What a run of GOATs we've enjoyed the last 20 years. Edit: and Brady of cours",reaction,r/soccer,
23,"I know American football isnt as popular worldwide and he just retired, but Tom Brady should be in that group too.",reaction,r/soccer,
24,10 conference championships one was an nfc championship with Tamp,reaction,r/soccer,
25,"If you're going to allow Messi that much space at that distance, you get what you deserve. Well taken obviously, but lax defending.",hot_take,r/soccer,
26,"The goalie was so pissed (I think) because you can see the FOUR (FOUR!!!!!) defenders lined up and gave Messi a lane...a veritable hallway...to knock that ball in. They practically ""after you....""'d it. Damn.",reaction,r/soccer,
27,He played against the Algerian goalies father in a league game.,reaction,r/soccer,
28,Well now I dont know who to believe and Im certainly not gonna look it up for myself.,hot_take,r/soccer,
29,He played against Zinedine in 2005 in an El Clasico matchup,reaction,r/soccer,
30,I think i remember how some people were saying that his last world cup was likely his last. And then he comes in and does this!?! Wtf!! GOAT!,reaction,r/soccer,
31,I just saw the post with the first goal wdym he scored a hattrick,reaction,r/soccer,
32,He scored all three of the goals for agentina tonight,reaction,r/soccer,
33,Maybe hes finally ready for a move out of the MLS to Europe. He seems like he would fit the playstyle of Barcelon,hot_take,r/soccer,
34,"His first WC goal was on June 16th 2006. Today, literally 20 years later ON THE DOT, he scores again on a WC. THE GOAT!",reaction,r/soccer,
35,"It's weird, the defenders looked unconcerned that Lionel Messi had the ball at the top of the penalty box like that.",hot_take,r/soccer,
36,My favorite part of Messi with Argentina is his teammates seem genuinely in awe and appreciative of him,hot_take,r/soccer,
37,"Even though MLS is a second category league, he wasn't greedy and stupid enough to go to Saudi Arabia to play sunday matches",hot_take,r/soccer,
38,Holy shit what a way to start out the World Cup,reaction,r/soccer,
39,If this was in Toronto or Vancouver hats would have made it to the pitch,reaction,r/soccer,
40,Almost comical the way the defense all lined up in a cone and he shot right down the middle.,hot_take,r/soccer,
41,I coulda sworn he said he was done after last tim,reaction,r/soccer,
42,8 years ago France played Croatia in the finals. Argentina lost to france in the round of 16.,hot_take,r/soccer,
43,He aint as good as he once was but hes as good once now as he ever was,hot_take,r/soccer,
44,Toby Keith has entered the (soccer) chat. *brand new sentence*,reaction,r/soccer,
45,"He made this shit look child's play. You can't waste that sort of virtuosity, and he must know it.",hot_take,r/soccer,
46,Messi is the GOAT but what about that pass? how did the ball even reach him in the first p,hot_take,r/soccer,
47,The announcer literally talked about it during this 13 second clip.,reaction,r/soccer,
48,First thing I noticed watching this highlight was the pass. Unbeliev,reaction,r/soccer,
49,"k. i'm not an expert. i watch a dozen or so matches a year and then more in olympics/cup years. i do watch highlights now and then. so this is coming from a casual, but i think that makes the point more salient. this game has never, ever, ever ever looked difficult for him.",analysis,r/soccer,
50,"I watched this goal like 20 times from several angles, and it still looks routine.",reaction,r/soccer,
51,he had entire seasons where hed just pick a different kind of shot he wanted to perfect and scored them every gam,hot_take,r/soccer,
52,"And if he's not scoring, he's still an absolutely elite level dribbler and passer. Guy has 360 degree vision somehow.",hot_take,r/soccer,
53,"The penalty he took against France in the final bro... Probably the most important moment for his country in decades, a level of pressure most people will never experience in their entire life, he just casually taps it in.",reaction,r/soccer,
54,This fuckery wont go on for much longer thank god,reaction,r/soccer,
55,"MESSI the GOAT, only 3 more for most goals in the World Cup",reaction,r/soccer,
56,Hes got 2 maybe 3 more world cups in him probably.,reaction,r/soccer,
57,"Thank god for that laser of a kick, will totally distract from the fact that his teammate just..tripped over his own feet in the background. No one will ever noti",hot_take,r/soccer,
58,Just isnt going to be the same when he retires,reaction,r/soccer,
59,After seeing Ben Simmons last night... Hey LeBron. We're good.,reaction,r/soccer,
60,he did his job if were still talking about it,reaction,r/soccer,
61,The best player of all time. It's not even up for debate. He's literally a level above everyone else.,hot_take,r/soccer,
62,"Even if Ronaldo and Portugal wins the World Cup this year, he still doesnt top Messi in the debat",hot_take,r/soccer,
63,Its not up for debate but everytime he does anything someone comes in to say this because its absolutely up for debate,hot_take,r/soccer,
64,"Was walking down the street in NYC, heard a guy start screaming about Messi, I asked if Argentina just scored. Few seconds later, a bar I just passed with a massive screen outdoors started cheering. Guy on his phone showed me the score. It was a cute moment. The World Cup energy is great.",reaction,r/soccer,
65,You just dont give that man that much free space.,reaction,r/soccer,
66,hould have been send off after his foul. Clearly a red card.,reaction,r/soccer,
67,I thought the same thing after I saw the tackle on replay.,reaction,r/soccer,
68,"I would have done it similarly"" - stolen comment I always think about when I see stuff like this",hot_take,r/soccer,
69,That pass to set him up gave me a chub.,reaction,r/soccer,
70,Maybe I just dont understand soccer but why on earth did the opposing team not press him when he got the ball??,hot_take,r/soccer,
71,The guy that passed him that ball should get more validation too. What a pass,reaction,r/soccer,
72,I laughed. Switzerland was pretty dominant all game and just failed to build any cushion.,reaction,r/soccer,
73,"It was truly incredible premonition. The US-coverage broadcast talent has been notably good so far, but this prediction amazed me. With apologies, I do not know who made the call (Derek Rae or Rob Green), but around minute 40 one mentioned (my paraphrasing): 'Qatar is happy to go into halftime down 1-0, and they'll be happy if stays 1-0 late. They can make key subs and go very fast and aggressive to steal a last-minute goal.'",reaction,r/soccer,
74,"My favorite call of the game was when the commentator was talking about how Switzerland was dominating possession. Qatar had just made a steal near their box and the commentator said now they've got a good chance to build some momentum instead of just clearing it to midfield. As soon as he said that, the defender launched the ball to mid field and Switzerland immediately took possession off the clearance and you could hear him audibly groan.",analysis,r/soccer,
75,You let a team hang around long enough and they start to believe in themselves. Happens so damn often.,hot_take,r/soccer,
76,Couldnt even say the Swiss were dominant. One goal up and plodded along for the rest of the match. Lol did you watch the match? Switzerland had a record 24 shots / 7 shots on goal to Qatar's 5/2. One on the widest margins in World Cup history. And they dominated possession with over 75%. You could definitely say Switzerland was dominant.,analysis,r/soccer,
77,"Precisely what I meant! It also seemed like 75% of the time Qatar would start to break out, a Swiss player would just casually snatch the ball or shut the rush down.",reaction,r/soccer,
78,"We have that saying in English too. A very famous race car driver said, ""If you ain't first, you're last.",hot_take,r/soccer,
79,And their goal was gift-wrapped for them on a silver plate What the hell was that penalty anyway?,reaction,r/soccer,
80,"I dont have any stats to back it up, but I simply mean the Swiss possessed the ball more and generated several scoring chances.",hot_take,r/soccer,
81,"witzerland was so dominant but so bad too, i was borderline screaming at my TV cause they just looked incompetent on the ball somehow",reaction,r/soccer,
82,"Theoretically you could get screwed over by every team winning one, tying one and losing one, but 4 points should be pretty safe.",hot_take,r/soccer,
83,"Theoretically, you could have 2 teams on 6 points not qualifying for the knockouts, but it would have to be a very very specific set of results! Indeed I think it is already impossible after just the first set of games (every group that has a draw reduces the number of teams that could go out on 6 points by one, and two groups have already had a draw)",reaction,r/soccer,
84,"Italy euro 2004, went home with a win and 2 draws",reaction,r/soccer,
85,"Ftr, Switzerland are not the top seed in the group, Canada are as hosts. Canada are one rank behind the lowest ranked team that was in Pot 2 (Australia) so theoretically if they weren't seeded as hosts they would have been in Pot 2 (with Croatia moving into Pot 1) and wouldn't have been able to play against Switzerland. It's true that Switzerland are the highest ranked team in the group but they are not a Pot 1, or rather top seeded, team.",analysis,r/soccer,
86,"Basically yes, if they beat Qatar they are through guaranteed. 4 points would be enough for top 2 probably and definitely 3rd.",hot_take,r/soccer,
87,"Perfect... I feel bad for the Swiss. They dominated most of the game, unlucky having several shots just miss by a few. But for the shots on goal Qatar's goalie did a great job keeping them in the game. Anything can happen towards the end when both teams are tired. It was just a perfect pass at the last moment.",reaction,r/soccer,
88,"The right back for the Swiss should be ashamed of how he played the last 15 minutes of the game. He was clearly tired, jogging, not getting stuck in. He should have been subbed out at half tim",reaction,r/soccer,
89,"For sure. Dude kept getting burnt on that side. After two times Im subbing him out, eventually it cost them the 3 points",hot_take,r/soccer,
90,"Its not over until that whistle blows! Props for playing the full time, even after being dominated the rest of the match. It just takes one opportunity!",reaction,r/soccer,
91,"Absolute monster header. Great goal. I was listening to the game while doing yard work, so I didn't have a great feel for it, but sounded like Switzerland played some exceptionally uninspired soccer.",reaction,r/soccer,
92,This Qatari tie is a victory for slaveholding dictatorships everywhere.,reaction,r/soccer,
93,"Just had a quick look 12 Qatari born players , 14 born outside Qatar. The only reason I asked as it was well known that after they bought the 2022 WC they then brought in and gifted Citizenship to a bunch of foreigners to try and create a competitive team.",analysis,r/soccer,
94,Why don't they stop the clock after a goal? Can the other team throw the ball in and start play?,hot_take,r/soccer,
95,"Why don't they stop the clock after a goal? The clock keeps running until the referee blows his whistle for either half time (45 minutes plus stoppage time around 1-3 minutes, depending on how many stoppages in play there have been) or full time (another 45 minutes plus stoppage time, so 90 minutes in total plus stoppage time after each half). Can the other team throw the ball in and start play? No. After a goal, the ball is placed in the middle of the field, and the conceding team resumes play from the ref's whistle.",reaction,r/soccer,
96,Thank you for your detailed response. This really helps a lot!,reaction,r/soccer,
97,"The group all had draws, and each team scored one goal. Meaning all the goal differential tie breakers are at a draw. The tie breaker for Group B currently comes down to Switzerland advancing because they have the fewest number of red and yellow cards, and Canada advancing because they had the highest ranking in the last FIFA ranking table.",analysis,r/soccer,
98,Bit victimist but certain teams would have had this goal disallowed for climbing.,reaction,r/soccer,
99,Bravo Qatar. They didnt slam the door and you kept fighting.,reaction,r/soccer,
100,I went downstairs to put my pizza in the oven. I was gone less then a minute. I missed the Qatar goal.,hot_take,r/soccer,
101,"uh i was live at the game and they kept on having ""hydration breaks"" apparently they are mandatory this y",hot_take,r/soccer,
102,Its and own goal so technically Qatar still didnt score.,reaction,r/soccer,
103,This game ruined my parlay but Im so happy for Qatar,reaction,r/soccer,
104,The African brother playing for qatar is he a citizen? I thought they didn't grant citizenship to outsiders easily have things changed,hot_take,r/soccer,
105,"Nothing that wasnt already happening before. Africa has shown good teams and players for a while now. Also, Spain and Portugal and so on have shown poor performances so far. Not to take away the merit from teams like Cape Verde and Congo, but their adversaries werent playing good football on their own and both teams were clearly focused on surviving rather than attacking. Senegal decided to play a open game against France, for instance, and lost.",analysis,r/soccer,
106,"Portugal was horrible, regardless of Ronaldo. Martinez tactics were shocking.",reaction,r/soccer,
107,I thought the same thing. Why are they playing for a draw?,reaction,r/soccer,
108,More possession but less shots / shots on goal... Yikes,reaction,r/soccer,
109,playing so defensive in your 1st wc match with one of the most talented squads in the cup is genuinely crazy,hot_take,r/soccer,
110,"Congo's defence was like a literal wall, no matter what ever dribbles or angles Portugal come up with, their defence just goes in and doesnt let them go any further. The man marking was insane, they locked on Ronaldo nicely and he couldn't even have a freespace to play and shoot the ball. Congo's defence was definitely an A here. Great match this, I really wish Congo utilised their chances, that Bakambu man really needs to work on his shooting, he missed like two chances that could have been Congo's victory. Their passing also was quite bad, but great match nonetheless.",analysis,r/soccer,
111,"Yeah really the wingers were so nervous around the defence, and their defence was quite tight enough that Portugal had no chance creating a free space. As you said, their defence was the reason for the draw, really Congo could have gone in for another one but definitely a great display",analysis,r/soccer,
112,The amount of boos to Portugal and Ronaldo was easily heard through the TV despite the studio crew talking over it.,hot_take,r/soccer,
113,"They weren't booing, they were groaning. When you've got one selfish player undermining the entire team, its hard to function.",hot_take,r/soccer,
114,"Portugal had a lot of issues. Mainly about how passive they were and how there was no movement. Like at all. Ronaldo isnt necessarily the issue, the man was taking up two defenders by himself. Issue was Portugal couldnt and never exposed the theoretical space Ronaldo would have created by being marked by two guys. Movement was poor and they were just slinging crosses in hoping for the best, not to mention all the side and back passing after going up early. Overall a disappointing performance. Not much else to say.",analysis,r/soccer,
115,LOL Penaldo said he wants to play in the 2030 World Cup as well. They might take him out in a wheelchair!,reaction,r/soccer,
116,His gameplay is involved getting less touches and basically works on his positioning in the box. The midfield was not good at all with poor progressions. I think Ronaldo should play as an impact sub but idt he's even ready to hear it. Also Portugal likely won't be doing any experimentation.,analysis,r/soccer,
117,"blame. How can you as a team have 75% possession yet less shots on goal and less shots overall? That is a tactical failure. As a manager, you have Vitinha, Neves, and Bruno and made them look awful. That takes some skill.",analysis,r/soccer,
118,"Congolese defence did an amazing job though which is overlooked because everyone is shitting on Portugal. Messi was gifted two of those goals yesterday because of Zidane's errors, and also had he actually been sent off like he arguably should have the result could have been a lot different. I think Portugal will figure it out as the tournament goes on. Remember Argentina lost their first game of the last world cup and went on to win. It's too early to write off Portugal, but the next match with Colombia will be a good test to see how the team plays.",analysis,r/soccer,
119,"No red given on a clothesline. Ref blows full time before the 95th minute goes by with Congo in an attacking zone. They were doing everything in their power to have Portugal limp into a point. Uzbekistan isn't a pushover. And Colombia? Portugal looks like this moving forward, a last place finish isn't out of the question.",reaction,r/soccer,
120,"As the years go on, the gap between Ronaldo and Messi just widens further and further. Theres no question as to who the goat is now.",hot_take,r/soccer,
121,"what a stupid match, portugal mid field were just playing their own game doing pass in the parcel among themselves without pressing the ball forward. ronaldo didnt even get the ball... they need someone to take the ball forward,, also their defense was just nowhere no formation players were running here and there,, absolutely disappointed",analysis,r/soccer,
122,"Trying to cross all day long and hope your striker to hit one in is not a good strategy Also, CR7 needs to be in play more, be part of the buildup, drag defenders out of the box, create space for your teammates or Portugal is not going far at",analysis,r/soccer,
123,Dr. Congo prescribes: Humility RX Instructions for Portugal team: take 1 dose every 6 days until symptoms of Ronaldo being the GOAT disappears.,hot_take,r/soccer,
124,"Ronaldo isn't the fault. It's the coach. He is wasting an entire golden squad on playing like a fucking possession obsessed cunt. Ronaldo is good at creating space for others, doing tap ins, the usual. But he can't do that when no one else is entering the area. And he hasn't been great, so there's some fault on him for sure. And as the captain he should be the first one saying something about it. But the whole team is playing crap. No intensity. Stop going to the beach and actually play some fucking football, you divas.",analysis,r/soccer,
125,"What a dull pedestrian game to watch, incredible Roberto Martinez continues to be employed without doing anything in the last 10 years",hot_take,r/soccer,
126,Portugal coach is really scared that Ronaldo fans and press will get over his head like last coach and he will lost his job lol. Bro had 5 substitute and decided to make the washed out unc played for whole 90 mins lol who actually missed some really good chances,analysis,r/soccer,
127,honestly. They would have done at least as well just plucking a fan out of the audience and having them play striker,hot_take,r/soccer,
128,"Savoring every sweet moment of Portugal's disappointment. Seeing their players all mad and starting fights in the last minute feels like the wind beneath my wings. Can we stop saying someone 'missed' their penalty if it was saved by the keeper? Discussion If it was off target, they missed. If it was on target, it was saved. More credit to the keeper, less harsh on the taker?",analysis,r/soccer,
129,"The Ronaldo injury still makes me sad thinking what could have been if he didn't blow up his knee, insane foot",hot_take,r/soccer,
130,he was the best player at that time before the injury and even after it though he was not even close to his time before the injury,hot_take,r/soccer,
131,He did come back in a big way on the 2002 WC vs a strong Germany squad. He won the golden boot 9 goals in 8 games. Final was 2/0 Brazil and he scored both goals. So he did show his brilliance there. May wish was that he didnt play in Italy. Italy was at the time the place to be to make $$$ but it was a brutal place to play vs the defenders. They chopped R9 so many times as well as Van Basten etc. Both of these guys retired early because of that. VB was 28. R9 played longer in Brazi,analysis,r/soccer,
132,"Yes it was , unfortunately a butcher league at the time. Did you see the 2002 final to the Germany team",hot_take,r/soccer,
133,"Del Piero in 98. He still had a phenomenal career after that, but he was legitimately a top 3 attacker around that time.",hot_take,r/soccer,
134,Did you know that Man U played that preseason game vs Sporting to scout Quaresma. Then they witnessed CR7 destroy their left back who was dubbed at half time lol. So Ferguson made it his priority to leave with a contract since he heard that other teams were close on buying him. Arsenal was one. Ronaldo and family went back with the team to MAN U,reaction,r/soccer,
135,"choices, Adriano. The guy was a lethal striker.",reaction,r/soccer,
136,Watching the Sweden game just now made me sad for Kulusevski. He looked so nice before his injuries derailed his career.,hot_take,r/soccer,
137,"Ledley King, widely viewed by his peers (including Henry) as the best centre-back in the Premier League in the era of Ferdinand, Vidic, Terry, etc. Played at a top level for YEARS without training because his cartridge free knees could only tolerate 90 minutes a week Thierry Henry: ""Ledley King was the best defender I've played against and the only one that didn't have to foul me to get the ball.",analysis,r/soccer,
138,"Marco Reus. Fantastic player who's somehow missing from the ""best of his generation"" talks because of how much time he spent injured. Gotze is another one. Wilshere, Ruben loftus cheek had it all but injuries killed their careers. Umtiti could've had better career had he listened to his doctors and get that knee fixed. Ledley king too.",analysis,r/soccer,
139,"I think thats debatable still. Im still in awe by certain things he did. But he joined the wrong team in Europe. An aging Rui Costa always started and Adu was caught in a situation where he didnt speak the language and had no support. Then the loans started. I still think if he had joined a side that would have given him a proper chance like Ajax, and he had the right guidance, he would have been a generational player.",analysis,r/soccer,
140,"Woooo a generational player like who? He needs to look back and REALIZE that chasing $$$ to buy mom a house backfired. He should of signed with a good club AJAX maybe and play with the academy team and understand the system, learn the language etc. Then he would of had a chance. He should so flair but no substan",analysis,r/soccer,
141,Fernando Gago. Was such a brilliant player when he was healthy. Hazard at Madrid. Falcao. Who knows what level he couldve reached without the injuries Neymar. Undeniably brilliant and one of the best of this generation but question marks remain on what he couldve been considering the amount of time hes spent out with injuries.,analysis,r/soccer,
142,"Not injuries or bad choices, but Fabio Quagliarella was tormented for 8 years by a cop pretending to be a friend while secretly acting as a stalker. The cop was finally arrested in 2017 and sentenced for 4 years 8 months in prison. In the meantime we could never see the true prime Quagliarella due to how badly he was severely affected by the ordeal. Still he managed to produce some of the most insane bangers in Serie A.",analysis,r/soccer,
143,performances.. You will be missed Mexican Ted Mosby!,reaction,r/soccer,
144,oh I wish they would've had him on as Ted's Doppleganger!! That wouldve been amazing,reaction,r/soccer,
145,Him coming back as a goalie coach in 2030 would be GOATED,reaction,r/soccer,
146,"While you're absolutely right, the problem is the biggest media and marketing companies in Mexico have tried to sell Canelo like he was Mayweather, Chicharito as if he was Messi and Ochoa as Neuer. Yes, they are the best we have but people get dissapointed when they don't reach the heights media and marketing have hyped them up for. They do their best and they've reached heights very few other mexicans have reached.... but they're still light years behind world class athletes and that's what the casual fan expects from them because that's what they've tried to sell them.",analysis,r/soccer,
147,"Ive lived outside Mexico and Canelo is actually as big as they get. He was a top box office boxer for many years, got to be the best paid athlete, and had some of the most watched matches at one point. Had an Australian friend that kept talking about Canelo all the tim",analysis,r/soccer,
148,I had a feeling this was going to be the case. I watched his games since I was a kid. Ill miss him.,hot_take,r/soccer,
149,"Argentina Memes aside. Top keeper, I don't even know if Rangel that is 14 younger is better than him nowadays.",hot_take,r/soccer,
150,Legend! I still got his sticker in one of my childhood world cup albums!,reaction,r/soccer,
151,You think it would be known as the nameless area formerly know as Mexico if it werent for him? Sounds a bit weird to me. What player's retirement affected/will affect you emotionally the most? (No Messi or CR7) Discussion To the point of not being interested in football anymore.,analysis,r/soccer,
152,"Yes, they were playing solidly as a team. Dibu Martinez, Cuti Romero, Fideo Di Maria - everyone was in their right place.",hot_take,r/soccer,
153,"Ronaldos style of play doesnt really work as he gets older - he was always about pace, strength, physicality, which has obviously and naturally fallen off as hes aged. Hes still a great player, but nowhere near where he was. Messi has evolved his game, his main attributes are vision and football intelligence, which get better with age. Sure hes not going to run through an entire defence like he used to, but he is still able to make that killer pass that bypasses everyone to allow someone younger and fitter to score. Messi is much more valuable to Argentina than Ronaldo is to Portugal. Portugal could (and should) drop Ronaldo to allow a younger, more pacey, striker to benefit from Portugals killer midfield.",analysis,r/soccer,
154,"Messi, as of now, is like Iniesta in his prime. He lost his speed. But his game understanding play making is still elite. Ronaldo has lost his killer ability to finish. So, without it, what is Ronaldo ? Just an average striker. who becuase of influence, make other not make optimal decisions as he expects all balls to be delivered to him only",analysis,r/soccer,
155,"Imagine being 40 years old and still being the most important player for a nation that produces elite talent every generation. Nobody in Argentina has been able to make Messi the secondbest player on the team. That's how ridiculous his influence is. Argentina with messi is a better team , Portugal with Ronaldo often looks worse because the team becomes more about accommodating him than maximizing everyone else.",analysis,r/soccer,
156,I agree with you. Messi still has got that magic in his foot. He just cant dribble pass like he used to do or just can run all over the pitch anymore. But what about ronaldo what do you think about Portugal and Ronaldo?,reaction,r/soccer,
157,If Portugal bench Ronaldo they are my favorites to win. If they start him in big matches they are cooked.,hot_take,r/soccer,
158,Yup. He is still effective in box. But apart from the final third or box he is just hyp,hot_take,r/soccer,
159,Typical pessi fan IQ. One was carried in copa america and the other carried Portugal in the nations leagu,hot_take,r/soccer,
160,"One scored two goals against France in the WC final, the other was on the bench when their team won.",hot_take,r/soccer,
161,Guys I like the debate. This debate will never die. Even though Messi has ended that long time ago. Ronaldo fans are like Ronaldo. They have that never give up mentality with winning the trophies from benches. No player of the tournaments ever in international level yet top at the GOAT debate. I love that.,hot_take,r/soccer,
162,The team ronaldo won 5 ucl with had benzema and modrich and both of them won Bqllon dor something no other barca players have ever won. They won 2 ucls even after ronaldo left. That midfield trio of madrid was the main piller of the team. But I still ronaldo is a great player but not as great as messi. Loved debating you man.,analysis,r/soccer,
163,"All I'm hearing are excuses. Ronaldo won a Ucl without Modric, without Kroos and without Scholes. Did Messi have bad players? No, he just ghosted when it mattered yet his fans force him into goat debates",reaction,r/soccer,
164,"but Cristiano Ronaldo is playing in Saudi Arabia. The comment was about Lionel Messi. Why are you bringing some other player into it? ""You cant adequately judge a player 'the most skilled player on the planet' based on MLS"" is not totally unreasonable. Would you confidently insinuate that, Floyd Mayweather was still the best boxer on the planet if he started knocking out a bunch of amateur boxers?",analysis,r/soccer,
165,"I said skilled. Best implies their physical condition is also at their prime, among other things. Messis technical and tactical skills, not physical, are still at the very top. Youll see. EDIT: I agree that the MLS is not a good standard; but hes been playing with Argentina, and its very evident how his passing, shooting, vision, ball control havent slowed down. Now, regarding Floyd, I wouldnt say that Floyd is still the best boxer on the planet, especially at nearly 50. But at 40, while he was still active? For sure, I would have argued that he was the most skilled, especially defensively.",analysis,r/soccer,
166,"Argentina still need Messi and Messi can still win a game by himself. Yeah, hes not as quick but hes still magic. Ronaldo is there because he said he would be there and Portugal cant tell him no. If he gets meaningful minutes or starts it will be a complete waste of an incredible Portugal squad",hot_take,r/soccer,
167,"Even in the last friendly match against Iceland, the moment Messi came in he gave a magical theough ball to lautaro martinez and he missed the chance. Messi can still break the defence with one pass. I respect ronaldo but only problem I have with him is he tries to take credit of others. I really dont like that",analysis,r/soccer,
168,"Everyone was saying the same thing, When Portugal destroyed Switzerland in round of 16 last wc and what happened next match they got owned until ronaldo stepped in the pitch and created a chance to score. The fact media and you Messi fans has always criticised ronaldo like he doesn't score goals you guys call him washed he scores you guys say why didn't he score 2 you guys say he couldn't even score a hattrick.",analysis,r/soccer,
169,"Todays match clearly you can see Ronaldo is in the way of the new generation of Portugal players. He literally took the shot that was meant for Bruno, who has a clear shot and possibly become the leading goal but Ronaldo had to think he had it in him and selfishly made a less probable shot",analysis,r/soccer,
170,I agree with you. He is literally hurting his legacy. Young people watching Portugal and ronaldo today would think the Ronaldo of Man U and Real Madrid fake and AI. He is one of the best but he needs to admit that his mind and body is not going the same way anymore and should give way to young generation of promising talents.,analysis,r/soccer,
171,"Messi started in the final and came off injured after 60 minutes. He just didnt have a great tournament by his standards 1 goal and 1 assist. Im not going to say I watch every Argentina game but the general consensus amongst football fans is that its still Messi who is the face of Argentina. Ronaldo on the other hand is getting hound by the media and fans to retire from international football, I do think this should be his last tournament but most would agree Portugal dont rely on Ronaldo like the used too, Bruno is that guy for them now",reaction,r/soccer,
172,"You put Messi and Ronaldo on any national team and they'd be the face of the team still. Argentina has shown they are able to win big games without Messi, even if Messi makes them better overall. Ronaldo on the other hand makes Portugal worse, and Portugal would be better off having him coming on as a super sub.",analysis,r/soccer,
173,"Portugal has better options than a 41 year old Ronaldo, it's just that his ego wont allow for it",hot_take,r/soccer,
174,Same. Ronaldo can be brought late into the game.. maybe after the revolutionary hydration break in the 2nd half. His experience might help.. but I don't see Ronaldo starting and it actually helping Portugal. I'd be super glad if I am proved wrong here but you can't deny the facts anymore.,analysis,r/soccer,
175,"Ronaldo carried that shit nation for two decades like messi had aguero,di maria, many other great players but ronaldo had pepe and nani and some randoms from liga portugal. I agree ronaldo can't play 90 minutes but when portugal need goals there isn't single player to score because ramos can never find space and is always in his own lala land.",analysis,r/soccer,
176,"Messi was Argentinas worst attacker in the copa america and Ronaldo carried them in the nations league so yes and no. Who is the greatest footballer ever to you? And why? Discussion Could be from any era, not just speaking 21 century footballers.",hot_take,r/soccer,
177,He did not have as many great saves as Courtois. Also Argentina was the better team so Dibu was not under much pressure. Courtois literally won them the game tbh,reaction,r/soccer,
178,"still carrying is good, but van dijk was simply more dominant in his position, also uefa men player of the year, pfa player of the year, premier league player of the year, 0 people dribbled past him all premier league season, club world cup too, although i wont even care about trophies, van dijk simply deserved it, he was too good, also, liverpool played with a high press, meaning defenders had to cover much more area, and van dijk didnt get a single red card whole season, showing hes disciplined too, and high press makes defenders job much much hard",analysis,r/soccer,"Hard case (Edge Case 3): multi-point analysis - high-press tactical context + 0 red cards drive the Ballon dOr claim, not one decorative stat."
179,"Obviously by population it is Uruguay, no doubt. In recent times Croatia would deserve a honorable mention as they were runner-ups in 2018 plus two top 4 finishes. GDP is a metric quite correlated to population, therefore the answers would be the same. Uruguay counting the whole history and Croatia the last 25-30 years. There's also the case for Cape Verde and Curacau who qualified for the Fifa World Cup this year, Cape Verde with about 530k people and Curacau 180k.",analysis,r/soccer,
180,Came here to say Croatia - its only been a country since the early-mid nineties and fought a war.,hot_take,r/soccer,
181,"I don't know if that is such an achievement for Curacao. With 48 teams CONCACAF got 6 spots, and the 3 biggest countries Mexico, Canada, and the USA didn't take part in the qualification stage. It was actually impossible for not at least one country with less than 300 K people to qualify.",analysis,r/soccer,
182,"Uruguay wins this hands down. But I think the Netherlands and Belgium, despite the media narrative of them being bridesmaids or wasting golden generations, are basically overperforming relative to population in world terms. Portugal too. Basically those 3 countries have gotten quite close, with Netherlands and Belgium more consistent pre-1990 than Portugal.",analysis,r/soccer,
183,"What have Portugal ever accomplished in World Cup terms that would justify them being considered to have overachieved? They're a group stage/RO16 team who have very occasionally gone a bit deeper, which I think given their relative wealth, population, and domestic league is right where you'd expect them to be (if not slightly underwhelming).",analysis,r/soccer,
184,"Whilst none of that is incorrect, I still think its unfair to dismiss those victories. They still had to turn up and win, and their victory against all the odds in 1950 was incredible. In fact, professionalism is a big reason the World Cup was formed in the first place.",analysis,r/soccer,
185,"There were barely any victories to dismiss though, it was a VERY small tournament at only 13 teams, and because of all the no shows Uruguay was in a Group with only a very weak Bolivia which they crushed 8-0. They got into the final round with only 1 match under their belt, which is ridiculous really. The win against Brazil was good, yes, but then they only played 3 games before, and didn't even win all of them.",analysis,r/soccer,
186,"So whats the other teams excuses for not winning then? And its not like the team just won on a fluke, they won the gold medal for football at the FIFA organised olympics in 1924 and 1928 Olympics (22 and 17 team tournaments respectively, bigger than any World Cup until 1982) so they clearly were a strong team for the era regardless of the limited format of the early world cups.",analysis,r/soccer,
187,"The other teams in 1950 were weak, many of the strong t and pulled out or were banned so did not play. The excuse for the other teams is they were not even there. Let's put it a different way -- winning a 13 team WC is like getting to the semifinals in a 32 team world Cup. I think any wins before 1960s have asterics on them, and should be down weighted to a semi final appearance if we want to compare them to # of wins in modern era.",analysis,r/soccer,
188,"Historically its countries like Croatia and Uruguay. Countries, even small ones, need several things to punch above their weight. Two of those things are a great football culture and club based meretrices with incentives for youth development. The Charlie Munger quote applies. ""Show me the incentives and I'll show you the outcome"" Croatia is roughly the size of West Vrigina with about twice the population (3.8 mil). Croatia has a football pyramid with 38 professional clubs(many semi-pro but with pro training standards). The distance a youth player has to go for professional coaching is the equivalent of your local grocery store,",analysis,r/soccer,
189,Iceland made the top 32 while Curaao only made the top 48.,reaction,r/soccer,
190,Uruguay as they have won it before But I say Portugal Croatia Belgium Even Netherlands as they have 17-18m population,hot_take,r/soccer,
191,"Population is one thing, but Croatia has only been a country recently, and since the breakup of Yugoslavia in 1991, there have been 8 completed world cups I believe. Croatia has qualified for 6 of those, and has 1 runner up, and two 3rd place. For a country that was coming off of a brutal civil war, finishing in top 4 of half of all its opportunities is insane. Also, they must hold the record for percentage of knockout games won on shoot out",analysis,r/soccer,
192,criticism.,hot_take,r/soccer,
193,First part of your statement is true but good criticism...have I missed something?,reaction,r/soccer,
194,"If they were all equal hosts sure. Canada and Mexico COMBINED host 26/104 or merely 25% of the matches. The US is hosting 78/104 of the matches, including EVERY MATCH FROM QUARTER-FINALS ONWARDS. So if we're being honest, it's a US World Cup with two other countries to make it more palatable. Like a turd cake with a single nacho and poutine chip on top in an attempt to stave off criticism to it.",analysis,r/soccer,
195,"But that is on Mexico and Canada....not the US. Mexico put forth three stadium for the WC. All three were accepted. Canada had two bids rejected (Ottawa and Regina) but three sites contacted but no bid presented (Rogers Centre, McMahon Stadium, Saputo Stadium). I was hoping Mexico would offer more. It would make sense for Mexico to have had more stadiums and a larger footprint. And shit, even one more stadium in Canada would have been great. But Mexico offered nothing outside of the three sites and Canada's options were relatively uninspiring. So don't criticize the US for the obvious failings of its partner nations.",analysis,r/soccer,
196,"Yes, I agree Fifa should be expected to offer more and the demands are insane. But they don't offer help and the demands are what they are. They get by because countries are willing to bend over backwards to make it work because it is such a huge spectacle.",analysis,r/soccer,
197,"Agreed, but if you were Montreal what would you have done? Once again FIFA demands that no major events take place in the city a month before and during the WC. They would have had to cancel or move the F1 race that took place a couple of weeks ago. And they might have had to cancel other summer festivals that they have going on like the jazz and comedy festivals.",analysis,r/soccer,
198,"I don't know. But what I do know is that that is not America's fault or their problem. And complaining about it being this way to ""be more palatable"" is crap. The issues you are raising are fair and justified. Note: I know you didn't say these things. Someone else did. But I am looping it in here because it makes sense.",analysis,r/soccer,
199,As a Mexican I no longer wish to attached to this shit show of World Cup. It is somehow the mostly poorly managed and corrupt World Cup this century which is impressive when the last two host are Qatar and Russia. To make it worse it already turned a profit for FIFA so they are going to continue with the open corruption.,analysis,r/soccer,
200,"The ironic thing is, they play more of their games in the US than Mexico over the last like 20 years.",hot_take,r/soccer,
201,"They invented the peace prize just for Donald and this was after Donald stole the Club World Cup he kept at his office after he visited the club World Cup final lol. You cant make this shit up. Infantino was like, well just make another one for the footballers who actually won.",analysis,r/soccer,
202,"To be fair though, thats quite impressive. To be considered the most corrupt after the last two cant gave been easy.",hot_take,r/soccer,
203,"Broadcasting rights. The World Cup is one of the few events that turn a profit from being aired on TV instead of streaming. In addition you have corporate dropping hundreds of millions to place ads on the bangers hanging on the stands. Across four business years 70% of fifa revenue comes from selling broadcasting rights and ads space for the World Cup, in addition for the 2026 they jacked up the prices for both and still got broadcaster buying them up except for India were no one has yet to buy them.",analysis,r/soccer,
204,"I keep seeing this. But do you seriously think Mexico, in its current state politically, financially, and as a sport, could legitimately host the WC even if it were only 32 teams? Look at the stadiums they selected. Azteca was newly renovated and the other two are the newest stadiums that meet the size requirements. Mexico would have had to renovate multiple stadiums, or do what Brazil did and build all new ones to replace the the others.",analysis,r/soccer,
205,"This is the way the US always plays. Considering that both Canada and Mexico are only hosting 13 games each and the US has the rest or 78 games, Canada and Mexico were an afterthought and this should never have been allowed to happen, but FIFA is so friggen corrupt.",analysis,r/soccer,
206,Oh brother... If you're not up to date with the world cup situation just say it. The teams arriving in Mexico seem to be having a good time. For the most part we are a welcoming nation and so far I've only heard/seen positive things on social media regarding Mexico hosting for this world cup.,analysis,r/soccer,
207,I agree! I was scared of going to World Cup in Qatar! You can easily get killed,reaction,r/soccer,
208,"True, but I had tickets to that World Cup and decided I couldn't morally justify going. And as an American living in NYC, I pretty much feel the same way about it here. Will I get hyped and change my mind? Potentially, but it's all a bit sickening to say the least.",hot_take,r/soccer,
209,But the hosting concerns were still there! Those slaves didnt come back to life!,reaction,r/soccer,
210,"Cohosting not just hosting, but the USA was a great choice in 1994record attendance and I had a blast as did many others even if overall the nation ignored most of it. In 2026 basically the Orange Man and FIFAs price gouging ruined it. I was planning to go all over like I did in 94 but cant justify the cost vs. value.",analysis,r/soccer,
211,"The visa issues and hostilities toward fans were mostly unknowable in 2021 (?) when the bid was finalized. IMO, the blame for that falls squarely on those who have drastically changed US policy. The rest of it, yes, but Id say the US isnt even the worst host this decade for soccer culture and certainly not for lack of soccer infrastructure. I certainly agree that FIFA should do better. Theyve been an irredeemable corrupt mess since I started following football.",analysis,r/soccer,
212,"I dont mind the US per se for hosting football World Cups.. Theyre great at showmanship, football gets a reasonable amount of interest (albeit more at the youth level) and they do like big events which in turn elevates the importance of a WC even when the sport itself isnt what theyre usually into However, their current political climate does bleed heavily into the vibes of the tournament and it's def worse given how Fifa and their administration somehow manage to bring out the worst in each other. I dont think the 48 teams thing is great either because theres no hype for the group stages because its now forgiving for the big teams to a degree that they'd need to start trying to lose to go out",analysis,r/soccer,
213,brother just shut the fuck up and enjoy the world cup. the world is gonna come together in a few days to watch it. all of what ur saying are just outside noise. is it perfect? no. nothing is. just shut up and enjoy it like the rest of us are trying t,analysis,r/soccer,
214,"host, but when the USA was announced, the current government administration wasnt in office here in the US. If the current administration wasnt in office I suspect it would look a lot different and inviting for teams and fans. That said, FIFA would still be FIFA-ing, of course existing stadiums would still be used (what do you think this is? The Olympics? /s) Prices would still be out of control, public transportation, or rather lack there of, would all still be a thing. I will argue though that American fans have as much right to see a World Cup on their home soil as anywhere else seeing as how world is built into the nam",analysis,r/soccer,
215,"Most Canadians cant afford to go see the games with the current pricing structure. This World Cup more than any other one before it really has brought forth the worst in the current state of the world. The U.S. is a disaster. Other world cups have been hosted in questionable locations (Russia, Quatar)but this one seems worse than any other one. Visitors travel permits being cancelled, ICE, the absolute greed being put on display by FIFA, the FIFA world peace prize? you know right now if a local wants to go see a game in Toronto tickets start at $6k CND($4.3k USD). Thats just insane.",analysis,r/soccer,
216,"Look at Instagram and Twitter, and youll see how much fun people are having this past week during friendly matches",hot_take,r/soccer,
217,Honestly the travel is similar to Brazil with much better infrastructure and honestly less in most cases as the groups are mostly region,hot_take,r/soccer,
218,They shouldn't be hosting the WC across so many massive countries. The host really should have just been one of Mexico or USA.,hot_take,r/soccer,
219,"yup. it feels very off in the US. Infantino is a joke, and he should be fired for his trump arse kissing.",hot_take,r/soccer,
220,"I mean if fifa was willing to allow American stadiums to host the games as intended, this would still he a shitshow but less so. American football stadiums were built for car culture not public transport. Its why some of the bigger stadiums have parking for 30k plus cars. When you take that away you take away not only the primary mode of transport, but also the primary mode of pre gaming. If European fans or SA fans came for a tailgate, theyd understand, accept and even like it.",analysis,r/soccer,
221,when youre the greatest country in the world people will just hat lol.,reaction,r/soccer,
222,Dont forget ICE detaining and denying entry to some of the Iraq World Cup team and its associated staffing.,hot_take,r/soccer,
223,This world cup is trash. If you wanna see what a proper world cup looks like see South Africa 2010,hot_take,r/soccer,
